{
  "train_loss": [
    1.0998300075531007,
    1.098323647181193,
    1.0977504134178162,
    1.0916163365046183,
    1.0806864241758982,
    1.0755186994870505,
    1.0137890259424844,
    0.9718621015548706,
    0.9798607647418975,
    1.0172070264816284,
    1.0288576324780783,
    1.0139928579330444,
    0.9730038305123647,
    0.9685270051161449,
    0.9831570029258728,
    1.0011791706085205,
    0.9267945547898611,
    0.9345448791980744,
    0.9253681421279907,
    0.9586610476175944,
    0.9422550638516743,
    0.9379239420096079,
    0.9377994378407796,
    0.9379189312458038,
    0.8842324058214823,
    0.9500616391499838,
    0.9000912984212239,
    0.9025343259175619,
    0.91732151110967,
    0.9008015175660451
  ],
  "train_acc": [
    0.325,
    0.3333333333333333,
    0.375,
    0.35,
    0.39166666666666666,
    0.425,
    0.5,
    0.525,
    0.5083333333333333,
    0.48333333333333334,
    0.49166666666666664,
    0.48333333333333334,
    0.575,
    0.5166666666666667,
    0.5333333333333333,
    0.55,
    0.6083333333333333,
    0.5916666666666667,
    0.575,
    0.5583333333333333,
    0.5916666666666667,
    0.5833333333333334,
    0.575,
    0.625,
    0.6416666666666667,
    0.5833333333333334,
    0.5916666666666667,
    0.6166666666666667,
    0.6,
    0.6666666666666666
  ],
  "val_loss": [
    1.0988284587860107,
    1.0987266699473064,
    1.0878763914108276,
    1.0707212289174397,
    1.0068178256352742,
    0.9972698370615641,
    1.0097606420516967,
    1.0856021245320637,
    0.9253044525782267,
    0.9504292567571004,
    0.8789421796798706,
    0.8840731938680013,
    0.9173746387163798,
    1.0554661671320598,
    1.1462278882662456,
    0.9940065463383992,
    0.9717851241429647,
    0.8963304996490479,
    0.9160120248794555,
    0.9150102059046428,
    0.9058124462763468,
    0.9198577006657919,
    0.911881947517395,
    0.9340580463409424,
    0.8660260121027629,
    0.9460307478904724,
    0.909002176920573,
    0.924222739537557,
    0.9214100519816081,
    0.8742770751317342
  ],
  "val_acc": [
    0.3333333333333333,
    0.3333333333333333,
    0.4,
    0.6666666666666666,
    0.5333333333333333,
    0.6666666666666666,
    0.5333333333333333,
    0.4,
    0.5333333333333333,
    0.6666666666666666,
    0.6,
    0.5333333333333333,
    0.6,
    0.3333333333333333,
    0.3333333333333333,
    0.5333333333333333,
    0.5333333333333333,
    0.6,
    0.5333333333333333,
    0.5333333333333333,
    0.5333333333333333,
    0.5333333333333333,
    0.5333333333333333,
    0.6,
    0.6,
    0.6,
    0.6666666666666666,
    0.6,
    0.6,
    0.5333333333333333
  ]
}