{
  "train_loss": [
    1.2513413747151694,
    1.1589361985524496,
    1.0005323847134908,
    0.9683867692947388,
    0.8941763083140055,
    0.789731772740682,
    0.713330461581548,
    0.7549651543299357,
    0.611228342851003,
    0.7138704617818197,
    0.753246529897054,
    0.5798352320988973,
    0.6609765887260437,
    0.560804025332133,
    0.6642271637916565,
    0.6250949660936992,
    0.5626192847887675,
    0.5824816544850667,
    0.4991960167884827,
    0.6013560771942139,
    0.5778577208518982,
    0.5794847965240478,
    0.6128494262695312,
    0.5661926507949829,
    0.5858985265096028,
    0.612103279431661,
    0.6123573660850525,
    0.6559971372286478,
    0.6215699474016826,
    0.6114817380905151
  ],
  "train_acc": [
    0.375,
    0.375,
    0.5083333333333333,
    0.5083333333333333,
    0.6083333333333333,
    0.6666666666666666,
    0.675,
    0.675,
    0.75,
    0.6666666666666666,
    0.6333333333333333,
    0.7333333333333333,
    0.7166666666666667,
    0.8,
    0.7166666666666667,
    0.775,
    0.7833333333333333,
    0.8,
    0.8,
    0.7416666666666667,
    0.7583333333333333,
    0.7666666666666667,
    0.7583333333333333,
    0.7916666666666666,
    0.75,
    0.7583333333333333,
    0.7166666666666667,
    0.7333333333333333,
    0.7,
    0.7583333333333333
  ],
  "val_loss": [
    1.155725121498108,
    1.024711585044861,
    0.8684134602546691,
    0.765833302338918,
    0.6808074752489726,
    0.6070557554562886,
    0.5476508736610413,
    0.4844735781351725,
    0.4271770894527435,
    0.3942010144392649,
    0.39232752124468484,
    0.3864215354124705,
    0.3890534599622091,
    0.3847733159859975,
    0.3903518517812093,
    0.3743018567562103,
    0.3756186803181966,
    0.37089632550875345,
    0.37460732062657676,
    0.36235236128171283,
    0.365356034040451,
    0.372232852379481,
    0.37160809636116027,
    0.37150747179985044,
    0.36157949368158976,
    0.356268976132075,
    0.36693870822588603,
    0.36479621728261313,
    0.3711255967617035,
    0.3693922539552053
  ],
  "val_acc": [
    0.2,
    0.4666666666666667,
    0.6666666666666666,
    0.8,
    0.8,
    0.8666666666666667,
    0.9333333333333333,
    0.9333333333333333,
    0.9333333333333333,
    0.9333333333333333,
    0.9333333333333333,
    0.9333333333333333,
    0.9333333333333333,
    0.9333333333333333,
    0.9333333333333333,
    0.9333333333333333,
    0.9333333333333333,
    0.9333333333333333,
    0.9333333333333333,
    0.9333333333333333,
    0.9333333333333333,
    0.9333333333333333,
    0.9333333333333333,
    0.9333333333333333,
    0.9333333333333333,
    0.9333333333333333,
    0.9333333333333333,
    0.9333333333333333,
    0.9333333333333333,
    0.9333333333333333
  ]
}