{
  "train_loss": [
    1.2921175389062791,
    1.0782999708538963,
    0.9819471211660475,
    0.8430344150179908,
    0.851058840751648,
    0.7911499681926909,
    0.6682732786451068,
    0.6738658235186622,
    0.6182224040939694,
    0.6406825653144291,
    0.6050318536304292,
    0.5793576212156386,
    0.5852259312357221,
    0.5861267220406305,
    0.601356585820516,
    0.587519918169294,
    0.5093260889961606,
    0.5792153364136106,
    0.5897487543878102,
    0.5589471345856076,
    0.6391098045167469,
    0.590721294993446,
    0.6012306128229413,
    0.572132788953327,
    0.5525317319801876,
    0.5905063237462725,
    0.5534318430083138,
    0.6319509659494672,
    0.6200489515349978,
    0.6069611225809369
  ],
  "train_acc": [
    0.36904761904761907,
    0.4583333333333333,
    0.5238095238095238,
    0.6547619047619048,
    0.6011904761904762,
    0.6309523809523809,
    0.7142857142857143,
    0.6845238095238095,
    0.7261904761904762,
    0.7142857142857143,
    0.7440476190476191,
    0.7738095238095238,
    0.7083333333333334,
    0.7678571428571429,
    0.7559523809523809,
    0.7619047619047619,
    0.8273809523809523,
    0.7738095238095238,
    0.7440476190476191,
    0.8035714285714286,
    0.7321428571428571,
    0.7559523809523809,
    0.7261904761904762,
    0.7857142857142857,
    0.7857142857142857,
    0.7678571428571429,
    0.7797619047619048,
    0.7202380952380952,
    0.7738095238095238,
    0.7202380952380952
  ],
  "val_loss": [
    0.9193138149049547,
    0.813310530450609,
    0.6945838265948825,
    0.6390625834465027,
    0.6136342287063599,
    0.5234378973642985,
    0.5165328317218356,
    0.4808795286549462,
    0.48496294683880276,
    0.47691665920946336,
    0.4863077617353863,
    0.467127713892195,
    0.46984832651085323,
    0.4679759707715776,
    0.4615072094731861,
    0.4594993425740136,
    0.470583395825492,
    0.4812277721034156,
    0.480427559879091,
    0.4693329532941182,
    0.46956544948948753,
    0.4771783451239268,
    0.471176168984837,
    0.47478211919466656,
    0.46441023382875657,
    0.452210384938452,
    0.4639546473821004,
    0.47517242696550155,
    0.4635046323140462,
    0.46849656601746875
  ],
  "val_acc": [
    0.6111111111111112,
    0.6666666666666666,
    0.6666666666666666,
    0.6666666666666666,
    0.6666666666666666,
    0.7777777777777778,
    0.8333333333333334,
    0.8333333333333334,
    0.7777777777777778,
    0.8888888888888888,
    0.7777777777777778,
    0.8333333333333334,
    0.8333333333333334,
    0.8333333333333334,
    0.8333333333333334,
    0.7777777777777778,
    0.8333333333333334,
    0.7777777777777778,
    0.8333333333333334,
    0.7777777777777778,
    0.7777777777777778,
    0.7777777777777778,
    0.8333333333333334,
    0.8333333333333334,
    0.8333333333333334,
    0.8333333333333334,
    0.8333333333333334,
    0.7777777777777778,
    0.8333333333333334,
    0.8333333333333334
  ]
}